{
  "02-02-components-exit-event.py": {
    "simulation_seconds": 0.13533,
    "ticks": 135330485715,
    "op_rate": 1375440
  },
  "x86board_se.py": {
    "simulation_seconds": 0.054387,
    "ticks": 54386595000,
    "op_rate": 3372713,
    "cpi": 2.035018,
    "ipc": 0.491396,
    "mem_bus_latency": null
  },
  "script.py": {
    "simulation_seconds": 2.43768,
    "ticks": 2437680493500,
    "op_rate": 836527,
    "cpi": 182.403117,
    "ipc": 0.005482,
    "mem_bus_latency": 3332
  }
}